,N,M,Method,Error,Computation Time
0,1,1,Scipy,0.0,0.003957509994506836
1,1,2,Arnoldi,,
2,1,3,Lanzcos,,
3,1,4,Scipy,,
4,1,5,Arnoldi,,
5,1,6,Lanzcos,,
6,1,7,Scipy,,
7,1,8,Arnoldi,,
8,1,9,Lanzcos,,
9,1,10,Scipy,,
10,1,20,Arnoldi,,
11,1,30,Lanzcos,,
12,1,40,Scipy,,
13,1,50,Arnoldi,,
14,1,60,Lanzcos,,
15,1,70,Scipy,,
16,1,80,Arnoldi,,
17,1,90,Lanzcos,,
18,1,100,Scipy,,
19,1,1,Arnoldi,5.543005261090535,0.0012962102890014648
20,1,2,Lanzcos,,
21,1,3,Scipy,,
22,1,4,Arnoldi,,
23,1,5,Lanzcos,,
24,1,6,Scipy,,
25,1,7,Arnoldi,,
26,1,8,Lanzcos,,
27,1,9,Scipy,,
28,1,10,Arnoldi,,
29,1,20,Lanzcos,,
30,1,30,Scipy,,
31,1,40,Arnoldi,,
32,1,50,Lanzcos,,
33,1,60,Scipy,,
34,1,70,Arnoldi,,
35,1,80,Lanzcos,,
36,1,90,Scipy,,
37,1,100,Arnoldi,,
38,1,1,Lanzcos,0.0,0.00109710693359375
39,1,2,Scipy,,
40,1,3,Arnoldi,,
41,1,4,Lanzcos,,
42,1,5,Scipy,,
43,1,6,Arnoldi,,
44,1,7,Lanzcos,,
45,1,8,Scipy,,
46,1,9,Arnoldi,,
47,1,10,Lanzcos,,
48,1,20,Scipy,,
49,1,30,Arnoldi,,
50,1,40,Lanzcos,,
51,1,50,Scipy,,
52,1,60,Arnoldi,,
53,1,70,Lanzcos,,
54,1,80,Scipy,,
55,1,90,Arnoldi,,
56,1,100,Lanzcos,,
57,2,1,Scipy,0.0,0.001995086669921875
58,2,2,Arnoldi,0.06564617959594977,0.0012946367263793946
59,2,3,Lanzcos,,
60,2,4,Scipy,,
61,2,5,Arnoldi,,
62,2,6,Lanzcos,,
63,2,7,Scipy,,
64,2,8,Arnoldi,,
65,2,9,Lanzcos,,
66,2,10,Scipy,,
67,2,20,Arnoldi,,
68,2,30,Lanzcos,,
69,2,40,Scipy,,
70,2,50,Arnoldi,,
71,2,60,Lanzcos,,
72,2,70,Scipy,,
73,2,80,Arnoldi,,
74,2,90,Lanzcos,,
75,2,100,Scipy,,
76,2,1,Arnoldi,0.3698041618321088,0.0008974790573120118
77,2,2,Lanzcos,4.965068306494546e-16,0.0015979290008544921
78,2,3,Scipy,,
79,2,4,Arnoldi,,
80,2,5,Lanzcos,,
81,2,6,Scipy,,
82,2,7,Arnoldi,,
83,2,8,Lanzcos,,
84,2,9,Scipy,,
85,2,10,Arnoldi,,
86,2,20,Lanzcos,,
87,2,30,Scipy,,
88,2,40,Arnoldi,,
89,2,50,Lanzcos,,
90,2,60,Scipy,,
91,2,70,Arnoldi,,
92,2,80,Lanzcos,,
93,2,90,Scipy,,
94,2,100,Arnoldi,,
95,2,1,Lanzcos,0.16775164492553776,0.0010951042175292968
96,2,2,Scipy,0.0,0.001995086669921875
97,2,3,Arnoldi,,
98,2,4,Lanzcos,,
99,2,5,Scipy,,
100,2,6,Arnoldi,,
101,2,7,Lanzcos,,
102,2,8,Scipy,,
103,2,9,Arnoldi,,
104,2,10,Lanzcos,,
105,2,20,Scipy,,
106,2,30,Arnoldi,,
107,2,40,Lanzcos,,
108,2,50,Scipy,,
109,2,60,Arnoldi,,
110,2,70,Lanzcos,,
111,2,80,Scipy,,
112,2,90,Arnoldi,,
113,2,100,Lanzcos,,
114,4,1,Scipy,0.0,0.000997304916381836
115,4,2,Arnoldi,0.007648996311910865,0.001595783233642578
116,4,3,Lanzcos,3.513523846159425e-05,0.0018973350524902344
117,4,4,Scipy,0.0,0.000997304916381836
118,4,5,Arnoldi,,
119,4,6,Lanzcos,,
120,4,7,Scipy,,
121,4,8,Arnoldi,,
122,4,9,Lanzcos,,
123,4,10,Scipy,,
124,4,20,Arnoldi,,
125,4,30,Lanzcos,,
126,4,40,Scipy,,
127,4,50,Arnoldi,,
128,4,60,Lanzcos,,
129,4,70,Scipy,,
130,4,80,Arnoldi,,
131,4,90,Lanzcos,,
132,4,100,Scipy,,
133,4,1,Arnoldi,0.11998616156603722,0.0009972333908081054
134,4,2,Lanzcos,0.0016617110111040493,0.0019947052001953124
135,4,3,Scipy,0.0,0.000997304916381836
136,4,4,Arnoldi,9.51513491636455e-06,0.0019943714141845703
137,4,5,Lanzcos,,
138,4,6,Scipy,,
139,4,7,Arnoldi,,
140,4,8,Lanzcos,,
141,4,9,Scipy,,
142,4,10,Arnoldi,,
143,4,20,Lanzcos,,
144,4,30,Scipy,,
145,4,40,Arnoldi,,
146,4,50,Lanzcos,,
147,4,60,Scipy,,
148,4,70,Arnoldi,,
149,4,80,Lanzcos,,
150,4,90,Scipy,,
151,4,100,Arnoldi,,
152,4,1,Lanzcos,0.08027647738048439,0.0010969877243041993
153,4,2,Scipy,0.0,0.000997304916381836
154,4,3,Arnoldi,0.00030215690228170387,0.0023918390274047852
155,4,4,Lanzcos,3.1419093989483253e-16,0.0018950223922729493
156,4,5,Scipy,,
157,4,6,Arnoldi,,
158,4,7,Lanzcos,,
159,4,8,Scipy,,
160,4,9,Arnoldi,,
161,4,10,Lanzcos,,
162,4,20,Scipy,,
163,4,30,Arnoldi,,
164,4,40,Lanzcos,,
165,4,50,Scipy,,
166,4,60,Arnoldi,,
167,4,70,Lanzcos,,
168,4,80,Scipy,,
169,4,90,Arnoldi,,
170,4,100,Lanzcos,,
171,8,1,Scipy,0.0,0.0009970664978027344
172,8,2,Arnoldi,0.0005351310784092281,0.0011967182159423827
173,8,3,Lanzcos,9.077254607258683e-07,0.0016954421997070312
174,8,4,Scipy,0.0,0.0009970664978027344
175,8,5,Arnoldi,4.1185384577266977e-10,0.0019946575164794924
176,8,6,Lanzcos,1.2203524065762437e-14,0.001894974708557129
177,8,7,Scipy,0.0,0.0009970664978027344
178,8,8,Arnoldi,3.0562657329293357e-16,0.001795339584350586
179,8,9,Lanzcos,,
180,8,10,Scipy,,
181,8,20,Arnoldi,,
182,8,30,Lanzcos,,
183,8,40,Scipy,,
184,8,50,Arnoldi,,
185,8,60,Lanzcos,,
186,8,70,Scipy,,
187,8,80,Arnoldi,,
188,8,90,Lanzcos,,
189,8,100,Scipy,,
190,8,1,Arnoldi,0.028858078465264884,0.0009974002838134765
191,8,2,Lanzcos,0.00016858195279167762,0.001595783233642578
192,8,3,Scipy,0.0,0.0009970664978027344
193,8,4,Arnoldi,5.328198160178992e-08,0.0014960050582885742
194,8,5,Lanzcos,5.252374917203889e-12,0.0016953229904174804
195,8,6,Scipy,0.0,0.0009970664978027344
196,8,7,Arnoldi,1.0092713613933491e-14,0.0015955209732055665
197,8,8,Lanzcos,1.7802692113082912e-16,0.0018947839736938477
198,8,9,Scipy,,
199,8,10,Arnoldi,,
200,8,20,Lanzcos,,
201,8,30,Scipy,,
202,8,40,Arnoldi,,
203,8,50,Lanzcos,,
204,8,60,Scipy,,
205,8,70,Arnoldi,,
206,8,80,Lanzcos,,
207,8,90,Scipy,,
208,8,100,Arnoldi,,
209,8,1,Lanzcos,0.0217617455628619,0.0009974002838134765
210,8,2,Scipy,0.0,0.0009970664978027344
211,8,3,Arnoldi,6.1952730711793084e-06,0.0014959335327148437
212,8,4,Lanzcos,2.532505797073619e-09,0.001595783233642578
213,8,5,Scipy,0.0,0.0009970664978027344
214,8,6,Arnoldi,2.3213740623512482e-12,0.001595783233642578
215,8,7,Lanzcos,2.0796433423461312e-16,0.0018949270248413085
216,8,8,Scipy,0.0,0.0009970664978027344
217,8,9,Arnoldi,,
218,8,10,Lanzcos,,
219,8,20,Scipy,,
220,8,30,Arnoldi,,
221,8,40,Lanzcos,,
222,8,50,Scipy,,
223,8,60,Arnoldi,,
224,8,70,Lanzcos,,
225,8,80,Scipy,,
226,8,90,Arnoldi,,
227,8,100,Lanzcos,,
228,16,1,Scipy,0.0,0.0
229,16,2,Arnoldi,6.602482201031053e-05,0.0011968374252319335
230,16,3,Lanzcos,2.050966835521627e-08,0.0015957117080688476
231,16,4,Scipy,0.0,0.0
232,16,5,Arnoldi,5.58486354433068e-13,0.0014960050582885742
233,16,6,Lanzcos,3.66186936383538e-16,0.0016954421997070312
234,16,7,Scipy,0.0,0.0
235,16,8,Arnoldi,5.133374763649968e-16,0.0016954660415649414
236,16,9,Lanzcos,3.7859917605697454e-16,0.001992201805114746
237,16,10,Scipy,0.0,0.0
238,16,20,Arnoldi,,
239,16,30,Lanzcos,,
240,16,40,Scipy,,
241,16,50,Arnoldi,,
242,16,60,Lanzcos,,
243,16,70,Scipy,,
244,16,80,Arnoldi,,
245,16,90,Lanzcos,,
246,16,100,Scipy,,
247,16,1,Arnoldi,0.010845849452204888,0.001000213623046875
248,16,2,Lanzcos,1.8104487643329787e-05,0.0012964963912963866
249,16,3,Scipy,0.0,0.0
250,16,4,Arnoldi,3.337931527876195e-10,0.0014961957931518555
251,16,5,Lanzcos,1.3445506731833709e-14,0.0031943559646606446
252,16,6,Scipy,0.0,0.0
253,16,7,Arnoldi,5.133374763649968e-16,0.0026927947998046874
254,16,8,Lanzcos,3.7859917605697454e-16,0.0040890216827392575
255,16,9,Scipy,0.0,0.0
256,16,10,Arnoldi,5.133374763649968e-16,0.00249333381652832
257,16,20,Lanzcos,,
258,16,30,Scipy,,
259,16,40,Arnoldi,,
260,16,50,Lanzcos,,
261,16,60,Scipy,,
262,16,70,Arnoldi,,
263,16,80,Lanzcos,,
264,16,90,Scipy,,
265,16,100,Arnoldi,,
266,16,1,Lanzcos,0.009382293992510475,0.001296401023864746
267,16,2,Scipy,0.0,0.0
268,16,3,Arnoldi,1.8109457751197977e-07,0.0016954421997070312
269,16,4,Lanzcos,1.7689404144451433e-11,0.001994490623474121
270,16,5,Scipy,0.0,0.0
271,16,6,Arnoldi,9.992248152537807e-16,0.0019946575164794924
272,16,7,Lanzcos,3.6612118776349394e-16,0.0022938728332519533
273,16,8,Scipy,0.0,0.0
274,16,9,Arnoldi,5.133374763649968e-16,0.0021941661834716797
275,16,10,Lanzcos,3.7341307954279774e-16,0.0023936033248901367
276,16,20,Scipy,,
277,16,30,Arnoldi,,
278,16,40,Lanzcos,,
279,16,50,Scipy,,
280,16,60,Arnoldi,,
281,16,70,Lanzcos,,
282,16,80,Scipy,,
283,16,90,Arnoldi,,
284,16,100,Lanzcos,,
285,32,1,Scipy,0.0,0.0009968280792236328
286,32,2,Arnoldi,6.1208452100762484e-06,0.0012964725494384766
287,32,3,Lanzcos,3.8500889864930035e-10,0.001894831657409668
288,32,4,Scipy,0.0,0.0009968280792236328
289,32,5,Arnoldi,9.61306057177216e-16,0.0017952203750610351
290,32,6,Lanzcos,6.485917422406657e-16,0.0022939443588256836
291,32,7,Scipy,0.0,0.0009968280792236328
292,32,8,Arnoldi,6.872307986494493e-16,0.0019945859909057616
293,32,9,Lanzcos,6.39019011030739e-16,0.005784511566162109
294,32,10,Scipy,0.0,0.0009968280792236328
295,32,20,Arnoldi,6.872307986494493e-16,0.003390932083129883
296,32,30,Lanzcos,8.054498753906667e-16,0.0035929441452026366
297,32,40,Scipy,,
298,32,50,Arnoldi,,
299,32,60,Lanzcos,,
300,32,70,Scipy,,
301,32,80,Arnoldi,,
302,32,90,Lanzcos,,
303,32,100,Scipy,,
304,32,1,Arnoldi,0.004039010657635843,0.0007008790969848632
305,32,2,Lanzcos,1.4368498153238458e-06,0.0013953208923339843
306,32,3,Scipy,0.0,0.0009968280792236328
307,32,4,Arnoldi,1.6127805668287216e-12,0.0012964963912963866
308,32,5,Lanzcos,6.39019011030739e-16,0.0016954183578491212
309,32,6,Scipy,0.0,0.0009968280792236328
310,32,7,Arnoldi,6.872307986494493e-16,0.0015956401824951173
311,32,8,Lanzcos,8.054498753906667e-16,0.0017952203750610351
312,32,9,Scipy,0.0,0.0009968280792236328
313,32,10,Arnoldi,6.872307986494493e-16,0.0024931669235229493
314,32,20,Lanzcos,6.39019011030739e-16,0.0027924299240112303
315,32,30,Scipy,0.0,0.0009968280792236328
316,32,40,Arnoldi,,
317,32,50,Lanzcos,,
318,32,60,Scipy,,
319,32,70,Arnoldi,,
320,32,80,Lanzcos,,
321,32,90,Scipy,,
322,32,100,Arnoldi,,
323,32,1,Lanzcos,0.003596894808873264,0.0009003639221191406
324,32,2,Scipy,0.0,0.0009968280792236328
325,32,3,Arnoldi,3.6432249836307025e-09,0.0017952442169189454
326,32,4,Lanzcos,1.0488775700419516e-13,0.0024932861328125
327,32,5,Scipy,0.0,0.0009968280792236328
328,32,6,Arnoldi,6.872307986494493e-16,0.0026927471160888674
329,32,7,Lanzcos,6.485917422406657e-16,0.0025930881500244142
330,32,8,Scipy,0.0,0.0009968280792236328
331,32,9,Arnoldi,6.872307986494493e-16,0.0016955852508544922
332,32,10,Lanzcos,6.39019011030739e-16,0.001994633674621582
333,32,20,Scipy,0.0,0.0009968280792236328
334,32,30,Arnoldi,6.872307986494493e-16,0.005684757232666015
335,32,40,Lanzcos,,
336,32,50,Scipy,,
337,32,60,Arnoldi,,
338,32,70,Lanzcos,,
339,32,80,Scipy,,
340,32,90,Arnoldi,,
341,32,100,Lanzcos,,
342,64,1,Scipy,0.0,0.0009975433349609375
343,64,2,Arnoldi,5.376045640503065e-07,0.0009973764419555664
344,64,3,Lanzcos,8.919786668788635e-12,0.0014959096908569336
345,64,4,Scipy,0.0,0.0009975433349609375
346,64,5,Arnoldi,6.863544743039983e-16,0.001595783233642578
347,64,6,Lanzcos,8.551746886645107e-16,0.0015957355499267578
348,64,7,Scipy,0.0,0.0009975433349609375
349,64,8,Arnoldi,6.863544743039983e-16,0.001595759391784668
350,64,9,Lanzcos,6.233428962297756e-16,0.0020943403244018553
351,64,10,Scipy,0.0,0.0009975433349609375
352,64,20,Arnoldi,6.863544743039983e-16,0.003590512275695801
353,64,30,Lanzcos,6.233428962297756e-16,0.0033932924270629883
354,64,40,Scipy,0.0,0.0009975433349609375
355,64,50,Arnoldi,6.863544743039983e-16,0.011768603324890136
356,64,60,Lanzcos,6.233428962297756e-16,0.0053856134414672855
357,64,70,Scipy,,
358,64,80,Arnoldi,,
359,64,90,Lanzcos,,
360,64,100,Scipy,,
361,64,1,Arnoldi,0.001434214797225792,0.0007006406784057617
362,64,2,Lanzcos,1.2064596095887898e-07,0.001593017578125
363,64,3,Scipy,0.0,0.0009975433349609375
364,64,4,Arnoldi,9.516168699972214e-15,0.0013985395431518554
365,64,5,Lanzcos,6.233428962297756e-16,0.0015004634857177734
366,64,6,Scipy,0.0,0.0009975433349609375
367,64,7,Arnoldi,6.863544743039983e-16,0.0020943641662597655
368,64,8,Lanzcos,6.233428962297756e-16,0.002094459533691406
369,64,9,Scipy,0.0,0.0009975433349609375
370,64,10,Arnoldi,6.863544743039983e-16,0.001992321014404297
371,64,20,Lanzcos,8.551746886645107e-16,0.003989386558532715
372,64,30,Scipy,0.0,0.0009975433349609375
373,64,40,Arnoldi,6.863544743039983e-16,0.009275031089782716
374,64,50,Lanzcos,6.233428962297756e-16,0.004886937141418457
375,64,60,Scipy,0.0,0.0009975433349609375
376,64,70,Arnoldi,,
377,64,80,Lanzcos,,
378,64,90,Scipy,,
379,64,100,Arnoldi,,
380,64,1,Lanzcos,0.0012916028295064956,0.0009973287582397462
381,64,2,Scipy,0.0,0.0009975433349609375
382,64,3,Arnoldi,7.735688326105852e-11,0.001396346092224121
383,64,4,Lanzcos,8.890995139317877e-16,0.0016930818557739258
384,64,5,Scipy,0.0,0.0009975433349609375
385,64,6,Arnoldi,6.863544743039983e-16,0.0016954660415649414
386,64,7,Lanzcos,8.551746886645107e-16,0.0018925428390502929
387,64,8,Scipy,0.0,0.0009975433349609375
388,64,9,Arnoldi,6.863544743039983e-16,0.0019945859909057616
389,64,10,Lanzcos,8.551746886645107e-16,0.0025959253311157227
390,64,20,Scipy,0.0,0.0009975433349609375
391,64,30,Arnoldi,6.863544743039983e-16,0.00558774471282959
392,64,40,Lanzcos,8.551746886645107e-16,0.003889131546020508
393,64,50,Scipy,0.0,0.0009975433349609375
394,64,60,Arnoldi,6.863544743039983e-16,0.0158597469329834
395,64,70,Lanzcos,,
396,64,80,Scipy,,
397,64,90,Arnoldi,,
398,64,100,Lanzcos,,
399,128,1,Scipy,0.0,0.0009975433349609375
400,128,2,Arnoldi,4.374024666600961e-08,0.0011968135833740235
401,128,3,Lanzcos,1.968040140114296e-13,0.001494121551513672
402,128,4,Scipy,0.0,0.0009975433349609375
403,128,5,Arnoldi,1.212144778414922e-15,0.0014988183975219727
404,128,6,Lanzcos,8.91663053790526e-16,0.001992464065551758
405,128,7,Scipy,0.0,0.0009975433349609375
406,128,8,Arnoldi,1.212144778414922e-15,0.0017975807189941407
407,128,9,Lanzcos,1.5430470142950994e-15,0.0019945859909057616
408,128,10,Scipy,0.0,0.0009975433349609375
409,128,20,Arnoldi,1.212144778414922e-15,0.0033907175064086916
410,128,30,Lanzcos,1.5430470142950994e-15,0.0034906625747680663
411,128,40,Scipy,0.0,0.0009975433349609375
412,128,50,Arnoldi,1.212144778414922e-15,0.012665295600891113
413,128,60,Lanzcos,8.91663053790526e-16,0.0057844877243041996
414,128,70,Scipy,0.0,0.0009975433349609375
415,128,80,Arnoldi,1.212144778414922e-15,0.028523683547973633
416,128,90,Lanzcos,8.91663053790526e-16,0.008477330207824707
417,128,100,Scipy,0.0,0.0009975433349609375
418,128,1,Arnoldi,0.00046972187629594757,0.0007004261016845704
419,128,2,Lanzcos,1.0438734806922891e-08,0.0011967897415161132
420,128,3,Scipy,0.0,0.0009975433349609375
421,128,4,Arnoldi,1.2115935167949861e-15,0.0012989044189453125
422,128,5,Lanzcos,1.5430470142950994e-15,0.0016978263854980468
423,128,6,Scipy,0.0,0.0009975433349609375
424,128,7,Arnoldi,1.212144778414922e-15,0.001495957374572754
425,128,8,Lanzcos,8.91663053790526e-16,0.0018972158432006836
426,128,9,Scipy,0.0,0.0009975433349609375
427,128,10,Arnoldi,1.212144778414922e-15,0.005086302757263184
428,128,20,Lanzcos,8.91663053790526e-16,0.0030916929244995117
429,128,30,Scipy,0.0,0.0009975433349609375
430,128,40,Arnoldi,1.212144778414922e-15,0.008680248260498047
431,128,50,Lanzcos,8.91663053790526e-16,0.0051861763000488285
432,128,60,Scipy,0.0,0.0009975433349609375
433,128,70,Arnoldi,1.212144778414922e-15,0.022842049598693848
434,128,80,Lanzcos,8.91663053790526e-16,0.007679414749145508
435,128,90,Scipy,0.0,0.0009975433349609375
436,128,100,Arnoldi,1.212144778414922e-15,0.043784809112548825
437,128,1,Lanzcos,0.0004286964754546021,0.0009999990463256836
438,128,2,Scipy,0.0,0.0009975433349609375
439,128,3,Arnoldi,1.5764630077405874e-12,0.0011967897415161132
440,128,4,Lanzcos,8.91663053790526e-16,0.001598024368286133
441,128,5,Scipy,0.0,0.0009975433349609375
442,128,6,Arnoldi,1.212144778414922e-15,0.0015957117080688476
443,128,7,Lanzcos,8.91663053790526e-16,0.0017975091934204102
444,128,8,Scipy,0.0,0.0009975433349609375
445,128,9,Arnoldi,1.212144778414922e-15,0.0020943403244018553
446,128,10,Lanzcos,8.91663053790526e-16,0.0020972728729248048
447,128,20,Scipy,0.0,0.0009975433349609375
448,128,30,Arnoldi,1.212144778414922e-15,0.006085991859436035
449,128,40,Lanzcos,8.91663053790526e-16,0.0041916131973266605
450,128,50,Scipy,0.0,0.0009975433349609375
451,128,60,Arnoldi,1.212144778414922e-15,0.01655406951904297
452,128,70,Lanzcos,1.9357088957739186e-15,0.00648047924041748
453,128,80,Scipy,0.0,0.0009975433349609375
454,128,90,Arnoldi,1.212144778414922e-15,0.03510606288909912
455,128,100,Lanzcos,1.9357088957739186e-15,0.008479619026184082
456,256,1,Scipy,0.0,0.0009975433349609375
457,256,2,Arnoldi,4.052067140076011e-09,0.0009975671768188477
458,256,3,Lanzcos,4.943258837029e-15,0.0013919115066528321
459,256,4,Scipy,0.0,0.0009975433349609375
460,256,5,Arnoldi,1.5315908837550256e-15,0.0014960527420043944
461,256,6,Lanzcos,1.343689750953623e-15,0.0016954898834228515
462,256,7,Scipy,0.0,0.0009975433349609375
463,256,8,Arnoldi,1.5315908837550256e-15,0.0021940946578979494
464,256,9,Lanzcos,1.343689750953623e-15,0.002293896675109863
465,256,10,Scipy,0.0,0.0009975433349609375
466,256,20,Arnoldi,1.5315908837550256e-15,0.003989291191101074
467,256,30,Lanzcos,1.343689750953623e-15,0.003989386558532715
468,256,40,Scipy,0.0,0.0009975433349609375
469,256,50,Arnoldi,1.5315908837550256e-15,0.013364219665527343
470,256,60,Lanzcos,1.343689750953623e-15,0.006081938743591309
471,256,70,Scipy,0.0,0.0009975433349609375
472,256,80,Arnoldi,1.5315908837550256e-15,0.030817532539367677
473,256,90,Lanzcos,1.343689750953623e-15,0.008479428291320801
474,256,100,Scipy,0.0,0.0009975433349609375
475,256,1,Arnoldi,0.00017210446703035787,0.0008975744247436523
476,256,2,Lanzcos,9.337890765432138e-10,0.0014960527420043944
477,256,3,Scipy,0.0,0.0009975433349609375
478,256,4,Arnoldi,1.5315908837550256e-15,0.0013962030410766602
479,256,5,Lanzcos,1.343689750953623e-15,0.0015956878662109375
480,256,6,Scipy,0.0,0.0009975433349609375
481,256,7,Arnoldi,1.5315908837550256e-15,0.001498842239379883
482,256,8,Lanzcos,1.343689750953623e-15,0.0017934083938598634
483,256,9,Scipy,0.0,0.0009975433349609375
484,256,10,Arnoldi,1.5315908837550256e-15,0.0019951105117797852
485,256,20,Lanzcos,1.343689750953623e-15,0.003091764450073242
486,256,30,Scipy,0.0,0.0009975433349609375
487,256,40,Arnoldi,1.5315908837550256e-15,0.009873509407043457
488,256,50,Lanzcos,1.343689750953623e-15,0.005285811424255371
489,256,60,Scipy,0.0,0.0009975433349609375
490,256,70,Arnoldi,1.5315908837550256e-15,0.023739123344421388
491,256,80,Lanzcos,1.929846341739984e-15,0.00757911205291748
492,256,90,Scipy,0.0,0.0009975433349609375
493,256,100,Arnoldi,1.5315908837550256e-15,0.04687685966491699
494,256,1,Lanzcos,0.00015654428957569052,0.0007954597473144531
495,256,2,Scipy,0.0,0.0009975433349609375
496,256,3,Arnoldi,3.712910520783562e-14,0.001100015640258789
497,256,4,Lanzcos,1.343689750953623e-15,0.0018919944763183595
498,256,5,Scipy,0.0,0.0009975433349609375
499,256,6,Arnoldi,1.5315908837550256e-15,0.0017952203750610351
500,256,7,Lanzcos,3.0444763961916714e-15,0.001894831657409668
501,256,8,Scipy,0.0,0.0009975433349609375
502,256,9,Arnoldi,1.5315908837550256e-15,0.001997065544128418
503,256,10,Lanzcos,1.343689750953623e-15,0.0025931358337402343
504,256,20,Scipy,0.0,0.0009975433349609375
505,256,30,Arnoldi,1.5315908837550256e-15,0.006085991859436035
506,256,40,Lanzcos,1.343689750953623e-15,0.004984307289123535
507,256,50,Scipy,0.0,0.0009975433349609375
508,256,60,Arnoldi,1.5315908837550256e-15,0.018550348281860352
509,256,70,Lanzcos,1.343689750953623e-15,0.006981325149536133
510,256,80,Scipy,0.0,0.0009975433349609375
511,256,90,Arnoldi,1.5315908837550256e-15,0.038599252700805664
512,256,100,Lanzcos,1.343689750953623e-15,0.008577084541320801
513,512,1,Scipy,0.0,0.0009965896606445312
514,512,2,Arnoldi,3.706818105515717e-10,0.0010970354080200196
515,512,3,Lanzcos,2.379594529688331e-15,0.0014960527420043944
516,512,4,Scipy,0.0,0.0009965896606445312
517,512,5,Arnoldi,2.0472048632728357e-15,0.001795196533203125
518,512,6,Lanzcos,2.51657994460705e-15,0.0018971681594848633
519,512,7,Scipy,0.0,0.0009965896606445312
520,512,8,Arnoldi,2.0472048632728357e-15,0.001994824409484863
521,512,9,Lanzcos,2.51657994460705e-15,0.0023935794830322265
522,512,10,Scipy,0.0,0.0009965896606445312
523,512,20,Arnoldi,2.0472048632728357e-15,0.004585409164428711
524,512,30,Lanzcos,2.117730426986019e-15,0.004089093208312989
525,512,40,Scipy,0.0,0.0009965896606445312
526,512,50,Arnoldi,2.0472048632728357e-15,0.01675734519958496
527,512,60,Lanzcos,2.51657994460705e-15,0.006879162788391113
528,512,70,Scipy,0.0,0.0009965896606445312
529,512,80,Arnoldi,2.0472048632728357e-15,0.03630290031433105
530,512,90,Lanzcos,2.51657994460705e-15,0.009474635124206543
531,512,100,Scipy,0.0,0.0009965896606445312
532,512,1,Arnoldi,6.186111916996626e-05,0.0007957696914672851
533,512,2,Lanzcos,8.158334208626918e-11,0.0012965917587280274
534,512,3,Scipy,0.0,0.0009965896606445312
535,512,4,Arnoldi,2.0472048632728357e-15,0.005387020111083984
536,512,5,Lanzcos,2.51657994460705e-15,0.0015969514846801759
537,512,6,Scipy,0.0,0.0009965896606445312
538,512,7,Arnoldi,2.0472048632728357e-15,0.0014958620071411134
539,512,8,Lanzcos,2.51657994460705e-15,0.0018951177597045898
540,512,9,Scipy,0.0,0.0009965896606445312
541,512,10,Arnoldi,2.0472048632728357e-15,0.0023937225341796875
542,512,20,Lanzcos,2.51657994460705e-15,0.0031913280487060546
543,512,30,Scipy,0.0,0.0009965896606445312
544,512,40,Arnoldi,2.0472048632728357e-15,0.011170244216918946
545,512,50,Lanzcos,2.51657994460705e-15,0.005784440040588379
546,512,60,Scipy,0.0,0.0009965896606445312
547,512,70,Arnoldi,2.0472048632728357e-15,0.02872309684753418
548,512,80,Lanzcos,4.979304740803126e-15,0.007981586456298827
549,512,90,Scipy,0.0,0.0009965896606445312
550,512,100,Arnoldi,2.0472048632728357e-15,0.055853867530822755
551,512,1,Lanzcos,5.630734521234285e-05,0.0009972810745239257
552,512,2,Scipy,0.0,0.0009965896606445312
553,512,3,Arnoldi,2.2799740047984337e-15,0.001495695114135742
554,512,4,Lanzcos,2.117730426986019e-15,0.0018970966339111328
555,512,5,Scipy,0.0,0.0009965896606445312
556,512,6,Arnoldi,2.0472048632728357e-15,0.0028921842575073244
557,512,7,Lanzcos,2.51657994460705e-15,0.002296757698059082
558,512,8,Scipy,0.0,0.0009965896606445312
559,512,9,Arnoldi,2.0472048632728357e-15,0.002094411849975586
560,512,10,Lanzcos,2.51657994460705e-15,0.0024931669235229493
561,512,20,Scipy,0.0,0.0009965896606445312
562,512,30,Arnoldi,2.0472048632728357e-15,0.007876062393188476
563,512,40,Lanzcos,2.117730426986019e-15,0.005186152458190918
564,512,50,Scipy,0.0,0.0009965896606445312
565,512,60,Arnoldi,2.0472048632728357e-15,0.02263939380645752
566,512,70,Lanzcos,2.51657994460705e-15,0.0077791929244995115
567,512,80,Scipy,0.0,0.0009965896606445312
568,512,90,Arnoldi,2.0472048632728357e-15,0.049268245697021484
569,512,100,Lanzcos,2.51657994460705e-15,0.010571813583374024
570,1024,1,Scipy,0.0,0.000997781753540039
571,1024,2,Arnoldi,3.2378618154466595e-11,0.0011968374252319335
572,1024,3,Lanzcos,2.0974955866141024e-15,0.001593017578125
573,1024,4,Scipy,0.0,0.000997781753540039
574,1024,5,Arnoldi,2.4204975681299916e-15,0.002094531059265137
575,1024,6,Lanzcos,4.61626126769825e-15,0.0017971038818359376
576,1024,7,Scipy,0.0,0.000997781753540039
577,1024,8,Arnoldi,2.4204975681299916e-15,0.0022939205169677734
578,1024,9,Lanzcos,2.2999069238719712e-15,0.0022960662841796874
579,1024,10,Scipy,0.0,0.000997781753540039
580,1024,20,Arnoldi,2.4204975681299916e-15,0.005385470390319824
581,1024,30,Lanzcos,2.2999069238719712e-15,0.0044909238815307615
582,1024,40,Scipy,0.0,0.000997781753540039
583,1024,50,Arnoldi,2.4204975681299916e-15,0.021045947074890138
584,1024,60,Lanzcos,2.2999069238719712e-15,0.007880306243896485
585,1024,70,Scipy,0.0,0.000997781753540039
586,1024,80,Arnoldi,2.4204975681299916e-15,0.048970937728881836
587,1024,90,Lanzcos,2.2999069238719712e-15,0.011870813369750977
588,1024,100,Scipy,0.0,0.000997781753540039
589,1024,1,Arnoldi,2.152734419340319e-05,0.000897669792175293
590,1024,2,Lanzcos,7.33612550173787e-12,0.0014959335327148437
591,1024,3,Scipy,0.0,0.000997781753540039
592,1024,4,Arnoldi,2.4204975681299916e-15,0.0016954183578491212
593,1024,5,Lanzcos,2.2999069238719712e-15,0.0020943641662597655
594,1024,6,Scipy,0.0,0.000997781753540039
595,1024,7,Arnoldi,2.4204975681299916e-15,0.0019946575164794924
596,1024,8,Lanzcos,2.2999069238719712e-15,0.0021940946578979494
597,1024,9,Scipy,0.0,0.000997781753540039
598,1024,10,Arnoldi,2.4204975681299916e-15,0.002692770957946777
599,1024,20,Lanzcos,2.2999069238719712e-15,0.004288434982299805
600,1024,30,Scipy,0.0,0.000997781753540039
601,1024,40,Arnoldi,2.4204975681299916e-15,0.014860272407531738
602,1024,50,Lanzcos,4.509101441055505e-15,0.0064849853515625
603,1024,60,Scipy,0.0,0.000997781753540039
604,1024,70,Arnoldi,2.4204975681299916e-15,0.036699438095092775
605,1024,80,Lanzcos,2.2999069238719712e-15,0.009873604774475098
606,1024,90,Scipy,0.0,0.000997781753540039
607,1024,100,Arnoldi,2.4204975681299916e-15,0.06772172451019287
608,1024,1,Lanzcos,1.9597496212379507e-05,0.0007952451705932617
609,1024,2,Scipy,0.0,0.000997781753540039
610,1024,3,Arnoldi,2.4204987294202287e-15,0.0011966228485107422
611,1024,4,Lanzcos,2.2999069238719712e-15,0.0016978263854980468
612,1024,5,Scipy,0.0,0.000997781753540039
613,1024,6,Arnoldi,2.4204975681299916e-15,0.001698613166809082
614,1024,7,Lanzcos,2.2999069238719712e-15,0.001994681358337402
615,1024,8,Scipy,0.0,0.000997781753540039
616,1024,9,Arnoldi,2.4204975681299916e-15,0.0021943092346191407
617,1024,10,Lanzcos,2.2999069238719712e-15,0.002493119239807129
618,1024,20,Scipy,0.0,0.000997781753540039
619,1024,30,Arnoldi,2.4204975681299916e-15,0.00857701301574707
620,1024,40,Lanzcos,2.2999069238719712e-15,0.005585122108459473
621,1024,50,Scipy,0.0,0.000997781753540039
622,1024,60,Arnoldi,2.4204975681299916e-15,0.027227139472961424
623,1024,70,Lanzcos,4.509101441055505e-15,0.00827786922454834
624,1024,80,Scipy,0.0,0.000997781753540039
625,1024,90,Arnoldi,2.4204975681299916e-15,0.06502606868743896
626,1024,100,Lanzcos,2.2999069238719712e-15,0.015358972549438476
627,2048,1,Scipy,0.0,0.0009970664978027344
628,2048,2,Arnoldi,2.8961377922688155e-12,0.0012965679168701171
629,2048,3,Lanzcos,3.2634414801531114e-15,0.002792644500732422
630,2048,4,Scipy,0.0,0.0009970664978027344
631,2048,5,Arnoldi,3.4840668648896995e-15,0.002094268798828125
632,2048,6,Lanzcos,3.532643692108316e-15,0.003390979766845703
633,2048,7,Scipy,0.0,0.0009970664978027344
634,2048,8,Arnoldi,3.4840668648896995e-15,0.0026926517486572264
635,2048,9,Lanzcos,3.532643692108316e-15,0.0030918359756469727
636,2048,10,Scipy,0.0,0.0009970664978027344
637,2048,20,Arnoldi,3.4840668648896995e-15,0.008277654647827148
638,2048,30,Lanzcos,3.532643692108316e-15,0.0063829183578491214
639,2048,40,Scipy,0.0,0.0009970664978027344
640,2048,50,Arnoldi,3.4840668648896995e-15,0.03341054916381836
641,2048,60,Lanzcos,5.7783272066546475e-15,0.011668753623962403
642,2048,70,Scipy,0.0,0.0009970664978027344
643,2048,80,Arnoldi,3.4840668648896995e-15,0.08587031364440918
644,2048,90,Lanzcos,3.532643692108316e-15,0.015857577323913574
645,2048,100,Scipy,0.0,0.0009970664978027344
646,2048,1,Arnoldi,7.659944859823751e-06,0.0008975982666015625
647,2048,2,Lanzcos,6.589343284504598e-13,0.0013962745666503905
648,2048,3,Scipy,0.0,0.0009970664978027344
649,2048,4,Arnoldi,3.4840668648896995e-15,0.0017951488494873046
650,2048,5,Lanzcos,3.532643692108316e-15,0.0022938013076782226
651,2048,6,Scipy,0.0,0.0009970664978027344
652,2048,7,Arnoldi,3.4840668648896995e-15,0.0025930881500244142
653,2048,8,Lanzcos,3.532643692108316e-15,0.002393627166748047
654,2048,9,Scipy,0.0,0.0009970664978027344
655,2048,10,Arnoldi,3.4840668648896995e-15,0.0032912254333496093
656,2048,20,Lanzcos,3.532643692108316e-15,0.004188680648803711
657,2048,30,Scipy,0.0,0.0009970664978027344
658,2048,40,Arnoldi,3.4840668648896995e-15,0.022041058540344237
659,2048,50,Lanzcos,3.532643692108316e-15,0.008574676513671876
660,2048,60,Scipy,0.0,0.0009970664978027344
661,2048,70,Arnoldi,3.4840668648896995e-15,0.055950379371643065
662,2048,80,Lanzcos,3.532643692108316e-15,0.01406238079071045
663,2048,90,Scipy,0.0,0.0009970664978027344
664,2048,100,Arnoldi,3.4840668648896995e-15,0.10751237869262695
665,2048,1,Lanzcos,6.968529118387322e-06,0.0011970996856689453
666,2048,2,Scipy,0.0,0.0009970664978027344
667,2048,3,Arnoldi,3.4840668648896995e-15,0.001595783233642578
668,2048,4,Lanzcos,3.532643692108316e-15,0.0017951488494873046
669,2048,5,Scipy,0.0,0.0009970664978027344
670,2048,6,Arnoldi,3.4840668648896995e-15,0.0019945859909057616
671,2048,7,Lanzcos,3.532643692108316e-15,0.002194070816040039
672,2048,8,Scipy,0.0,0.0009970664978027344
673,2048,9,Arnoldi,3.4840668648896995e-15,0.002892303466796875
674,2048,10,Lanzcos,3.532643692108316e-15,0.002493405342102051
675,2048,20,Scipy,0.0,0.0009970664978027344
676,2048,30,Arnoldi,3.4840668648896995e-15,0.014261865615844726
677,2048,40,Lanzcos,3.532643692108316e-15,0.007280540466308594
678,2048,50,Scipy,0.0,0.0009970664978027344
679,2048,60,Arnoldi,3.4840668648896995e-15,0.04278554916381836
680,2048,70,Lanzcos,5.7783272066546475e-15,0.012264466285705567
681,2048,80,Scipy,0.0,0.0009970664978027344
682,2048,90,Arnoldi,3.4840668648896995e-15,0.0870671272277832
683,2048,100,Lanzcos,3.532643692108316e-15,0.01655569076538086
684,4096,1,Scipy,0.0,0.0009970664978027344
685,4096,2,Arnoldi,2.5524542789719553e-13,0.0012965202331542969
686,4096,3,Lanzcos,4.508593768842996e-15,0.0017952680587768554
687,4096,4,Scipy,0.0,0.0009970664978027344
688,4096,5,Arnoldi,5.8645993552232484e-15,0.002094531059265137
689,4096,6,Lanzcos,4.861696591721385e-15,0.0024933099746704103
690,4096,7,Scipy,0.0,0.0009970664978027344
691,4096,8,Arnoldi,5.8645993552232484e-15,0.003690147399902344
692,4096,9,Lanzcos,4.861696591721385e-15,0.0028922557830810547
693,4096,10,Scipy,0.0,0.0009970664978027344
694,4096,20,Arnoldi,5.8645993552232484e-15,0.012366938591003417
695,4096,30,Lanzcos,4.861696591721385e-15,0.00797865390777588
696,4096,40,Scipy,0.0,0.0009970664978027344
697,4096,50,Arnoldi,5.8645993552232484e-15,0.05026555061340332
698,4096,60,Lanzcos,4.861696591721385e-15,0.01545870304107666
699,4096,70,Scipy,0.0,0.0009970664978027344
700,4096,80,Arnoldi,5.8645993552232484e-15,0.12077701091766357
701,4096,90,Lanzcos,4.861696591721385e-15,0.024733781814575195
702,4096,100,Scipy,0.0,0.0009970664978027344
703,4096,1,Arnoldi,2.6939465523998017e-06,0.0009972572326660157
704,4096,2,Lanzcos,5.797406140668498e-14,0.0015958547592163086
705,4096,3,Scipy,0.0,0.0009970664978027344
706,4096,4,Arnoldi,5.8645993552232484e-15,0.002391409873962402
707,4096,5,Lanzcos,4.861696591721385e-15,0.0021941423416137694
708,4096,6,Scipy,0.0,0.0009970664978027344
709,4096,7,Arnoldi,5.8645993552232484e-15,0.0031914710998535156
710,4096,8,Lanzcos,4.861696591721385e-15,0.002892160415649414
711,4096,9,Scipy,0.0,0.0009970664978027344
712,4096,10,Arnoldi,5.8645993552232484e-15,0.005086302757263184
713,4096,20,Lanzcos,4.861696591721385e-15,0.0059861898422241214
714,4096,30,Scipy,0.0,0.0009970664978027344
715,4096,40,Arnoldi,5.8645993552232484e-15,0.03749771118164062
716,4096,50,Lanzcos,4.861696591721385e-15,0.017054414749145506
717,4096,60,Scipy,0.0,0.0009970664978027344
718,4096,70,Arnoldi,5.8645993552232484e-15,0.10870916843414306
719,4096,80,Lanzcos,4.861696591721385e-15,0.024434709548950197
720,4096,90,Scipy,0.0,0.0009970664978027344
721,4096,100,Arnoldi,5.8645993552232484e-15,0.1942803144454956
722,4096,1,Lanzcos,2.4512014244021255e-06,0.0011968612670898438
723,4096,2,Scipy,0.0,0.0009970664978027344
724,4096,3,Arnoldi,5.8645993552232484e-15,0.0016953229904174804
725,4096,4,Lanzcos,4.861696591721385e-15,0.0017951726913452148
726,4096,5,Scipy,0.0,0.0009970664978027344
727,4096,6,Arnoldi,5.8645993552232484e-15,0.0024932861328125
728,4096,7,Lanzcos,7.895813262738606e-15,0.002692699432373047
729,4096,8,Scipy,0.0,0.0009970664978027344
730,4096,9,Arnoldi,5.8645993552232484e-15,0.0035904407501220702
731,4096,10,Lanzcos,7.895813262738606e-15,0.0030916929244995117
732,4096,20,Scipy,0.0,0.0009970664978027344
733,4096,30,Arnoldi,5.8645993552232484e-15,0.0268280029296875
734,4096,40,Lanzcos,7.895813262738606e-15,0.010571861267089843
735,4096,50,Scipy,0.0,0.0009970664978027344
736,4096,60,Arnoldi,5.8645993552232484e-15,0.0739027738571167
737,4096,70,Lanzcos,7.895813262738606e-15,0.018650174140930176
738,4096,80,Scipy,0.0,0.0009970664978027344
739,4096,90,Arnoldi,5.8645993552232484e-15,0.1487053632736206
740,4096,100,Lanzcos,7.895813262738606e-15,0.030318856239318848
741,8192,1,Scipy,0.0,0.0019960403442382812
742,8192,2,Arnoldi,2.3506111284746852e-14,0.0017952442169189454
743,8192,3,Lanzcos,6.512875771259824e-15,0.002692723274230957
744,8192,4,Scipy,0.0,0.0019960403442382812
745,8192,5,Arnoldi,6.786189345780481e-15,0.004388165473937988
746,8192,6,Lanzcos,1.1724121174137958e-14,0.003091740608215332
747,8192,7,Scipy,0.0,0.0019960403442382812
748,8192,8,Arnoldi,6.786189345780481e-15,0.0060837030410766605
749,8192,9,Lanzcos,6.9682678706872875e-15,0.005983996391296387
750,8192,10,Scipy,0.0,0.0019960403442382812
751,8192,20,Arnoldi,6.786189345780481e-15,0.021941304206848145
752,8192,30,Lanzcos,6.9682678706872875e-15,0.020545148849487306
753,8192,40,Scipy,0.0,0.0019960403442382812
754,8192,50,Arnoldi,6.786189345780481e-15,0.09604313373565673
755,8192,60,Lanzcos,6.9682678706872875e-15,0.03231353759765625
756,8192,70,Scipy,0.0,0.0019960403442382812
757,8192,80,Arnoldi,6.786189345780481e-15,0.243448805809021
758,8192,90,Lanzcos,6.9682678706872875e-15,0.04418179988861084
759,8192,100,Scipy,0.0,0.0019960403442382812
760,8192,1,Arnoldi,9.509233750653616e-07,0.0009999275207519531
761,8192,2,Lanzcos,8.022765876925094e-15,0.001497936248779297
762,8192,3,Scipy,0.0,0.0019960403442382812
763,8192,4,Arnoldi,6.786189345780481e-15,0.0037875652313232424
764,8192,5,Lanzcos,6.9682678706872875e-15,0.004587650299072266
765,8192,6,Scipy,0.0,0.0019960403442382812
766,8192,7,Arnoldi,6.786189345780481e-15,0.006283187866210937
767,8192,8,Lanzcos,1.1724121174137958e-14,0.0036900997161865234
768,8192,9,Scipy,0.0,0.0019960403442382812
769,8192,10,Arnoldi,6.786189345780481e-15,0.00827794075012207
770,8192,20,Lanzcos,6.9682678706872875e-15,0.012369322776794433
771,8192,30,Scipy,0.0,0.0019960403442382812
772,8192,40,Arnoldi,6.786189345780481e-15,0.0704115629196167
773,8192,50,Lanzcos,6.9682678706872875e-15,0.02343733310699463
774,8192,60,Scipy,0.0,0.0019960403442382812
775,8192,70,Arnoldi,6.786189345780481e-15,0.1853015422821045
776,8192,80,Lanzcos,6.9682678706872875e-15,0.04218723773956299
777,8192,90,Scipy,0.0,0.0019960403442382812
778,8192,100,Arnoldi,6.786189345780481e-15,0.37898643016815187
779,8192,1,Lanzcos,8.668198987423313e-07,0.003291201591491699
780,8192,2,Scipy,0.0,0.0019960403442382812
781,8192,3,Arnoldi,6.786189345780481e-15,0.003091740608215332
782,8192,4,Lanzcos,6.9682678706872875e-15,0.003390979766845703
783,8192,5,Scipy,0.0,0.0019960403442382812
784,8192,6,Arnoldi,6.786189345780481e-15,0.005186152458190918
785,8192,7,Lanzcos,1.1724121174137958e-14,0.003989481925964355
786,8192,8,Scipy,0.0,0.0019960403442382812
787,8192,9,Arnoldi,6.786189345780481e-15,0.011967968940734864
788,8192,10,Lanzcos,6.9682678706872875e-15,0.010073041915893555
789,8192,20,Scipy,0.0,0.0019960403442382812
790,8192,30,Arnoldi,6.786189345780481e-15,0.049866652488708495
791,8192,40,Lanzcos,6.9682678706872875e-15,0.025531792640686037
792,8192,50,Scipy,0.0,0.0019960403442382812
793,8192,60,Arnoldi,6.786189345780481e-15,0.13553743362426757
794,8192,70,Lanzcos,6.9682678706872875e-15,0.03620316982269287
795,8192,80,Scipy,0.0,0.0019960403442382812
796,8192,90,Arnoldi,6.786189345780481e-15,0.2979051828384399
797,8192,100,Lanzcos,6.9682678706872875e-15,0.04787192344665527
798,16384,1,Scipy,0.0,0.003988981246948242
799,16384,2,Arnoldi,7.999104478935077e-15,0.002590584754943848
800,16384,3,Lanzcos,7.194255695635685e-15,0.0035929441452026366
801,16384,4,Scipy,0.0,0.003988981246948242
802,16384,5,Arnoldi,7.817733491935134e-15,0.007081151008605957
803,16384,6,Lanzcos,7.936780291870546e-15,0.006482696533203125
804,16384,7,Scipy,0.0,0.003988981246948242
805,16384,8,Arnoldi,7.817733491935134e-15,0.011269903182983399
806,16384,9,Lanzcos,7.936780291870546e-15,0.008975958824157715
807,16384,10,Scipy,0.0,0.003988981246948242
808,16384,20,Arnoldi,7.817733491935134e-15,0.04448096752166748
809,16384,30,Lanzcos,7.936780291870546e-15,0.03729989528656006
810,16384,40,Scipy,0.0,0.003988981246948242
811,16384,50,Arnoldi,7.817733491935134e-15,0.21532316207885743
812,16384,60,Lanzcos,7.936780291870546e-15,0.07928800582885742
813,16384,70,Scipy,0.0,0.003988981246948242
814,16384,80,Arnoldi,7.817733491935134e-15,0.5222031593322753
815,16384,90,Lanzcos,7.936780291870546e-15,0.11818995475769042
816,16384,100,Scipy,0.0,0.003988981246948242
817,16384,1,Arnoldi,3.374256384163888e-07,0.0016954421997070312
818,16384,2,Lanzcos,7.196333747341559e-15,0.002390623092651367
819,16384,3,Scipy,0.0,0.003988981246948242
820,16384,4,Arnoldi,7.817733491935134e-15,0.00578458309173584
821,16384,5,Lanzcos,7.936780291870546e-15,0.005494213104248047
822,16384,6,Scipy,0.0,0.003988981246948242
823,16384,7,Arnoldi,7.817733491935134e-15,0.010273933410644531
824,16384,8,Lanzcos,7.936780291870546e-15,0.008080792427062989
825,16384,9,Scipy,0.0,0.003988981246948242
826,16384,10,Arnoldi,7.817733491935134e-15,0.016165947914123534
827,16384,20,Lanzcos,7.936780291870546e-15,0.019945597648620604
828,16384,30,Scipy,0.0,0.003988981246948242
829,16384,40,Arnoldi,7.817733491935134e-15,0.14022910594940186
830,16384,50,Lanzcos,7.936780291870546e-15,0.05606856346130371
831,16384,60,Scipy,0.0,0.003988981246948242
832,16384,70,Arnoldi,7.817733491935134e-15,0.3785898208618164
833,16384,80,Lanzcos,7.936780291870546e-15,0.09364795684814453
834,16384,90,Scipy,0.0,0.003988981246948242
835,16384,100,Arnoldi,7.817733491935134e-15,0.7502924919128418
836,16384,1,Lanzcos,3.077094133798463e-07,0.0015959978103637696
837,16384,2,Scipy,0.0,0.003988981246948242
838,16384,3,Arnoldi,7.817733491935134e-15,0.004591178894042969
839,16384,4,Lanzcos,7.936780291870546e-15,0.004589891433715821
840,16384,5,Scipy,0.0,0.003988981246948242
841,16384,6,Arnoldi,7.817733491935134e-15,0.008780288696289062
842,16384,7,Lanzcos,7.936780291870546e-15,0.0067825794219970705
843,16384,8,Scipy,0.0,0.003988981246948242
844,16384,9,Arnoldi,7.817733491935134e-15,0.013963985443115234
845,16384,10,Lanzcos,1.8269945314732947e-14,0.008771896362304688
846,16384,20,Scipy,0.0,0.003988981246948242
847,16384,30,Arnoldi,7.817733491935134e-15,0.08348045349121094
848,16384,40,Lanzcos,1.8269945314732947e-14,0.043190598487854004
849,16384,50,Scipy,0.0,0.003988981246948242
850,16384,60,Arnoldi,7.817733491935134e-15,0.2784614324569702
851,16384,70,Lanzcos,7.936780291870546e-15,0.07859902381896973
852,16384,80,Scipy,0.0,0.003988981246948242
853,16384,90,Arnoldi,7.817733491935134e-15,0.5983058691024781
854,16384,100,Lanzcos,7.936780291870546e-15,0.1370309352874756
855,32768,1,Scipy,0.0,0.007959127426147461
856,32768,2,Arnoldi,1.0475147889885002e-14,0.005287790298461914
857,32768,3,Lanzcos,1.3445927110229792e-14,0.005884552001953125
858,32768,4,Scipy,0.0,0.007959127426147461
859,32768,5,Arnoldi,1.0475054797059914e-14,0.012073493003845215
860,32768,6,Lanzcos,1.899657193261946e-14,0.01187293529510498
861,32768,7,Scipy,0.0,0.007959127426147461
862,32768,8,Arnoldi,1.0475054797059914e-14,0.021246123313903808
863,32768,9,Lanzcos,1.899657193261946e-14,0.01884329319000244
864,32768,10,Scipy,0.0,0.007959127426147461
865,32768,20,Arnoldi,1.0475054797059914e-14,0.0887636661529541
866,32768,30,Lanzcos,1.899657193261946e-14,0.0865666389465332
867,32768,40,Scipy,0.0,0.007959127426147461
868,32768,50,Arnoldi,1.0475054797059914e-14,0.4440119743347168
869,32768,60,Lanzcos,1.430751344490284e-14,0.1613994598388672
870,32768,70,Scipy,0.0,0.007959127426147461
871,32768,80,Arnoldi,1.0475054797059914e-14,0.9264366149902343
872,32768,90,Lanzcos,1.899657193261946e-14,0.25214908123016355
873,32768,100,Scipy,0.0,0.007959127426147461
874,32768,1,Arnoldi,1.1886474074974238e-07,0.0024935007095336914
875,32768,2,Lanzcos,1.3445927062565025e-14,0.0038896799087524414
876,32768,3,Scipy,0.0,0.007959127426147461
877,32768,4,Arnoldi,1.0475054797059914e-14,0.008879303932189941
878,32768,5,Lanzcos,1.430751344490284e-14,0.00818173885345459
879,32768,6,Scipy,0.0,0.007959127426147461
880,32768,7,Arnoldi,1.0475054797059914e-14,0.017573332786560057
881,32768,8,Lanzcos,1.899657193261946e-14,0.014463543891906738
882,32768,9,Scipy,0.0,0.007959127426147461
883,32768,10,Arnoldi,1.0475054797059914e-14,0.02812521457672119
884,32768,20,Lanzcos,1.899657193261946e-14,0.043511581420898435
885,32768,30,Scipy,0.0,0.007959127426147461
886,32768,40,Arnoldi,1.0475054797059914e-14,0.25672528743743894
887,32768,50,Lanzcos,1.899657193261946e-14,0.14741806983947753
888,32768,60,Scipy,0.0,0.007959127426147461
889,32768,70,Arnoldi,1.0475054797059914e-14,0.7593754291534424
890,32768,80,Lanzcos,1.899657193261946e-14,0.23261573314666747
891,32768,90,Scipy,0.0,0.007959127426147461
892,32768,100,Arnoldi,1.0475054797059914e-14,1.468776774406433
893,32768,1,Lanzcos,1.0852401791884425e-07,0.0032910823822021483
894,32768,2,Scipy,0.0,0.007959127426147461
895,32768,3,Arnoldi,1.0475054797059914e-14,0.007184791564941406
896,32768,4,Lanzcos,1.430751344490284e-14,0.006585502624511718
897,32768,5,Scipy,0.0,0.007959127426147461
898,32768,6,Arnoldi,1.0475054797059914e-14,0.014277219772338867
899,32768,7,Lanzcos,1.430751344490284e-14,0.011873245239257812
900,32768,8,Scipy,0.0,0.007959127426147461
901,32768,9,Arnoldi,1.0475054797059914e-14,0.023738980293273926
902,32768,10,Lanzcos,1.430751344490284e-14,0.017955923080444337
903,32768,20,Scipy,0.0,0.007959127426147461
904,32768,30,Arnoldi,1.0475054797059914e-14,0.15549039840698242
905,32768,40,Lanzcos,1.430751344490284e-14,0.11150162220001221
906,32768,50,Scipy,0.0,0.007959127426147461
907,32768,60,Arnoldi,1.0475054797059914e-14,0.6297184467315674
908,32768,70,Lanzcos,1.899657193261946e-14,0.2098400115966797
909,32768,80,Scipy,0.0,0.007959127426147461
910,32768,90,Arnoldi,1.0475054797059914e-14,1.2633212566375733
911,32768,100,Lanzcos,1.899657193261946e-14,0.32692291736602785
912,65536,1,Scipy,0.0,0.018970727920532227
913,65536,2,Arnoldi,1.428585623076451e-14,0.008082723617553711
914,65536,3,Lanzcos,1.450106939584463e-14,0.008675479888916015
915,65536,4,Scipy,0.0,0.018970727920532227
916,65536,5,Arnoldi,1.4285856204898147e-14,0.019453549385070802
917,65536,6,Lanzcos,1.5937362254576948e-14,0.020546221733093263
918,65536,7,Scipy,0.0,0.018970727920532227
919,65536,8,Arnoldi,1.4285856204898147e-14,0.036407470703125
920,65536,9,Lanzcos,1.5937362254576948e-14,0.03481271266937256
921,65536,10,Scipy,0.0,0.018970727920532227
922,65536,20,Arnoldi,1.4285856204898147e-14,0.1886979818344116
923,65536,30,Lanzcos,3.84929677949226e-14,0.17365424633026122
924,65536,40,Scipy,0.0,0.018970727920532227
925,65536,50,Arnoldi,1.4285856204898147e-14,1.1206003427505493
926,65536,60,Lanzcos,3.84929677949226e-14,0.41779122352600095
927,65536,70,Scipy,0.0,0.018970727920532227
928,65536,80,Arnoldi,1.4285856204898147e-14,2.8057199478149415
929,65536,90,Lanzcos,1.5937362254576948e-14,0.6244750261306763
930,65536,100,Scipy,0.0,0.018970727920532227
931,65536,1,Arnoldi,4.1986198742210985e-08,0.0054852962493896484
932,65536,2,Lanzcos,1.4501069396129613e-14,0.006883931159973144
933,65536,3,Scipy,0.0,0.018970727920532227
934,65536,4,Arnoldi,1.4285856204898147e-14,0.016261577606201172
935,65536,5,Lanzcos,1.5937362254576948e-14,0.01835007667541504
936,65536,6,Scipy,0.0,0.018970727920532227
937,65536,7,Arnoldi,1.4285856204898147e-14,0.03390977382659912
938,65536,8,Lanzcos,1.5937362254576948e-14,0.03430593013763428
939,65536,9,Scipy,0.0,0.018970727920532227
940,65536,10,Arnoldi,1.4285856204898147e-14,0.06243889331817627
941,65536,20,Lanzcos,1.5937362254576948e-14,0.11439967155456543
942,65536,30,Scipy,0.0,0.018970727920532227
943,65536,40,Arnoldi,1.4285856204898147e-14,0.6689321041107178
944,65536,50,Lanzcos,1.5937362254576948e-14,0.3099774599075317
945,65536,60,Scipy,0.0,0.018970727920532227
946,65536,70,Arnoldi,1.4285856204898147e-14,1.9782277584075927
947,65536,80,Lanzcos,1.5937362254576948e-14,0.5148855686187744
948,65536,90,Scipy,0.0,0.018970727920532227
949,65536,100,Arnoldi,1.4285856204898147e-14,3.99169180393219
950,65536,1,Lanzcos,3.8340547354035675e-08,0.004287981986999511
951,65536,2,Scipy,0.0,0.018970727920532227
952,65536,3,Arnoldi,1.4285856204898147e-14,0.012070226669311523
953,65536,4,Lanzcos,1.5937362254576948e-14,0.01206972599029541
954,65536,5,Scipy,0.0,0.018970727920532227
955,65536,6,Arnoldi,1.4285856204898147e-14,0.02433319091796875
956,65536,7,Lanzcos,1.5937362254576948e-14,0.024434781074523924
957,65536,8,Scipy,0.0,0.018970727920532227
958,65536,9,Arnoldi,1.4285856204898147e-14,0.04647989273071289
959,65536,10,Lanzcos,1.5937362254576948e-14,0.039794540405273436
960,65536,20,Scipy,0.0,0.018970727920532227
961,65536,30,Arnoldi,1.4285856204898147e-14,0.37539308071136473
962,65536,40,Lanzcos,1.5937362254576948e-14,0.23330776691436766
963,65536,50,Scipy,0.0,0.018970727920532227
964,65536,60,Arnoldi,1.4285856204898147e-14,1.4687800407409668
965,65536,70,Lanzcos,1.5937362254576948e-14,0.43397319316864014
966,65536,80,Scipy,0.0,0.018970727920532227
967,65536,90,Arnoldi,1.4285856204898147e-14,3.251642107963562
968,65536,100,Lanzcos,1.5937362254576948e-14,0.6684621810913086
969,131072,1,Scipy,0.0,0.034906864166259766
970,131072,2,Arnoldi,2.1168783425254155e-14,0.01685161590576172
971,131072,3,Lanzcos,5.1055278351763355e-14,0.024247002601623536
972,131072,4,Scipy,0.0,0.034906864166259766
973,131072,5,Arnoldi,2.1168783425241136e-14,0.04608421325683594
974,131072,6,Lanzcos,5.200959402087121e-14,0.057953286170959475
975,131072,7,Scipy,0.0,0.034906864166259766
976,131072,8,Arnoldi,2.1168783425241136e-14,0.09396026134490967
977,131072,9,Lanzcos,5.200959402087121e-14,0.09625017642974854
978,131072,10,Scipy,0.0,0.034906864166259766
979,131072,20,Arnoldi,2.1168783425241136e-14,0.5061554431915283
980,131072,30,Lanzcos,2.3599134493135386e-14,0.4503025531768799
981,131072,40,Scipy,0.0,0.034906864166259766
982,131072,50,Arnoldi,2.1168783425241136e-14,3.1474939823150634
983,131072,60,Lanzcos,5.200959402087121e-14,0.9769911289215087
984,131072,70,Scipy,0.0,0.034906864166259766
985,131072,80,Arnoldi,2.1168783425241136e-14,8.157208371162415
986,131072,90,Lanzcos,2.3599134493135386e-14,1.5322534799575807
987,131072,100,Scipy,0.0,0.034906864166259766
988,131072,1,Arnoldi,1.4893768474221523e-08,0.00887918472290039
989,131072,2,Lanzcos,5.1055278351763355e-14,0.01626167297363281
990,131072,3,Scipy,0.0,0.034906864166259766
991,131072,4,Arnoldi,2.1168783425241136e-14,0.03510630130767822
992,131072,5,Lanzcos,5.200959402087121e-14,0.046170520782470706
993,131072,6,Scipy,0.0,0.034906864166259766
994,131072,7,Arnoldi,2.1168783425241136e-14,0.07899107933044433
995,131072,8,Lanzcos,5.200959402087121e-14,0.0815847635269165
996,131072,9,Scipy,0.0,0.034906864166259766
997,131072,10,Arnoldi,2.1168783425241136e-14,0.14502334594726562
998,131072,20,Lanzcos,2.3599134493135386e-14,0.269486141204834
999,131072,30,Scipy,0.0,0.034906864166259766
1000,131072,40,Arnoldi,2.1168783425241136e-14,1.9843089580535889
1001,131072,50,Lanzcos,5.200959402087121e-14,0.8004876136779785
1002,131072,60,Scipy,0.0,0.034906864166259766
1003,131072,70,Arnoldi,2.1168783425241136e-14,6.149380159378052
1004,131072,80,Lanzcos,2.3599134493135386e-14,1.3611013889312744
1005,131072,90,Scipy,0.0,0.034906864166259766
1006,131072,100,Arnoldi,2.1168783425241136e-14,12.742069220542907
1007,131072,1,Lanzcos,1.3598566724362419e-08,0.009576797485351562
1008,131072,2,Scipy,0.0,0.034906864166259766
1009,131072,3,Arnoldi,2.1168783425241136e-14,0.025023889541625977
1010,131072,4,Lanzcos,2.3599134493135386e-14,0.03291256427764892
1011,131072,5,Scipy,0.0,0.034906864166259766
1012,131072,6,Arnoldi,2.1168783425241136e-14,0.06224184036254883
1013,131072,7,Lanzcos,2.3599134493135386e-14,0.06881964206695557
1014,131072,8,Scipy,0.0,0.034906864166259766
1015,131072,9,Arnoldi,2.1168783425241136e-14,0.1180889368057251
1016,131072,10,Lanzcos,2.3599134493135386e-14,0.11290349960327148
1017,131072,20,Scipy,0.0,0.034906864166259766
1018,131072,30,Arnoldi,2.1168783425241136e-14,1.1025686740875245
1019,131072,40,Lanzcos,2.3599134493135386e-14,0.6223673105239869
1020,131072,50,Scipy,0.0,0.034906864166259766
1021,131072,60,Arnoldi,2.1168783425241136e-14,4.560115170478821
1022,131072,70,Lanzcos,2.3599134493135386e-14,1.1562662601470948
1023,131072,80,Scipy,0.0,0.034906864166259766
1024,131072,90,Arnoldi,2.1168783425241136e-14,10.251200175285339
1025,131072,100,Lanzcos,2.3599134493135386e-14,1.7134305238723755
1026,262144,1,Scipy,0.0,0.051860809326171875
1027,262144,2,Arnoldi,2.8601885708793935e-14,0.03162388801574707
1028,262144,3,Lanzcos,3.1297227651196616e-14,0.04827127456665039
1029,262144,4,Scipy,0.0,0.051860809326171875
1030,262144,5,Arnoldi,2.8601885708793935e-14,0.0924497127532959
1031,262144,6,Lanzcos,3.415344064576048e-14,0.11081726551055908
1032,262144,7,Scipy,0.0,0.051860809326171875
1033,262144,8,Arnoldi,2.8601885708793935e-14,0.19189879894256592
1034,262144,9,Lanzcos,3.415344064576048e-14,0.18970324993133544
1035,262144,10,Scipy,0.0,0.051860809326171875
1036,262144,20,Arnoldi,2.8601885708793935e-14,1.0512021780014038
1037,262144,30,Lanzcos,3.415344064576048e-14,0.8976147413253784
1038,262144,40,Scipy,0.0,0.051860809326171875
1039,262144,50,Arnoldi,2.8601885708793935e-14,6.458448266983032
1040,262144,60,Lanzcos,3.415344064576048e-14,1.9709438323974608
1041,262144,70,Scipy,0.0,0.051860809326171875
1042,262144,80,Arnoldi,2.8601885708793935e-14,16.990146851539613
1043,262144,90,Lanzcos,3.415344064576048e-14,3.1165802478790283
1044,262144,100,Scipy,0.0,0.051860809326171875
1045,262144,1,Arnoldi,5.269506733895036e-09,0.017151832580566406
1046,262144,2,Lanzcos,8.338289161218345e-14,0.029326558113098145
1047,262144,3,Scipy,0.0,0.051860809326171875
1048,262144,4,Arnoldi,2.8601885708793935e-14,0.06802058219909668
1049,262144,5,Lanzcos,3.415344064576048e-14,0.08737897872924805
1050,262144,6,Scipy,0.0,0.051860809326171875
1051,262144,7,Arnoldi,2.8601885708793935e-14,0.15190436840057372
1052,262144,8,Lanzcos,3.415344064576048e-14,0.15978655815124512
1053,262144,9,Scipy,0.0,0.051860809326171875
1054,262144,10,Arnoldi,2.8601885708793935e-14,0.2910283327102661
1055,262144,20,Lanzcos,3.415344064576048e-14,0.5373542308807373
1056,262144,30,Scipy,0.0,0.051860809326171875
1057,262144,40,Arnoldi,2.8601885708793935e-14,4.153504347801208
1058,262144,50,Lanzcos,3.415344064576048e-14,1.5939506530761718
1059,262144,60,Scipy,0.0,0.051860809326171875
1060,262144,70,Arnoldi,2.8601885708793935e-14,12.87151095867157
1061,262144,80,Lanzcos,3.415344064576048e-14,2.7278298854827883
1062,262144,90,Scipy,0.0,0.051860809326171875
1063,262144,100,Arnoldi,2.8601885708793935e-14,26.685122084617614
1064,262144,1,Lanzcos,4.8101868104420705e-09,0.01715242862701416
1065,262144,2,Scipy,0.0,0.051860809326171875
1066,262144,3,Arnoldi,2.8601885708793935e-14,0.049767136573791504
1067,262144,4,Lanzcos,3.415344064576048e-14,0.06373608112335205
1068,262144,5,Scipy,0.0,0.051860809326171875
1069,262144,6,Arnoldi,2.8601885708793935e-14,0.1201784610748291
1070,262144,7,Lanzcos,3.415344064576048e-14,0.13993582725524903
1071,262144,8,Scipy,0.0,0.051860809326171875
1072,262144,9,Arnoldi,2.8601885708793935e-14,0.24324507713317872
1073,262144,10,Lanzcos,3.415344064576048e-14,0.22559874057769774
1074,262144,20,Scipy,0.0,0.051860809326171875
1075,262144,30,Arnoldi,2.8601885708793935e-14,2.28151957988739
1076,262144,40,Lanzcos,3.415344064576048e-14,1.2745004653930665
1077,262144,50,Scipy,0.0,0.051860809326171875
1078,262144,60,Arnoldi,2.8601885708793935e-14,9.175798988342285
1079,262144,70,Lanzcos,3.415344064576048e-14,2.2779282093048097
1080,262144,80,Scipy,0.0,0.051860809326171875
1081,262144,90,Arnoldi,2.8601885708793935e-14,20.707010507583618
1082,262144,100,Lanzcos,3.415344064576048e-14,3.4078216791152953
1083,524288,1,Scipy,0.0,0.10175633430480957
1084,524288,2,Arnoldi,4.2348014697925635e-14,0.058558297157287595
1085,524288,3,Lanzcos,6.652407547657046e-14,0.08927128314971924
1086,524288,4,Scipy,0.0,0.10175633430480957
1087,524288,5,Arnoldi,4.2348014697925635e-14,0.1734462261199951
1088,524288,6,Lanzcos,6.95720305635202e-14,0.2161238670349121
1089,524288,7,Scipy,0.0,0.10175633430480957
1090,524288,8,Arnoldi,4.2348014697925635e-14,0.3625375986099243
1091,524288,9,Lanzcos,6.95720305635202e-14,0.3620320796966553
1092,524288,10,Scipy,0.0,0.10175633430480957
1093,524288,20,Arnoldi,4.2348014697925635e-14,1.9764336585998534
1094,524288,30,Lanzcos,6.293065113067534e-14,1.7207019329071045
1095,524288,40,Scipy,0.0,0.10175633430480957
1096,524288,50,Arnoldi,4.2348014697925635e-14,12.299771499633788
1097,524288,60,Lanzcos,6.95720305635202e-14,3.770123600959778
1098,524288,70,Scipy,0.0,0.10175633430480957
1099,524288,80,Arnoldi,4.2348014697925635e-14,32.66892626285553
1100,524288,90,Lanzcos,6.95720305635202e-14,5.942714142799377
1101,524288,100,Scipy,0.0,0.10175633430480957
1102,524288,1,Arnoldi,1.8620862193253691e-09,0.030320143699645995
1103,524288,2,Lanzcos,6.652407547657046e-14,0.05635240077972412
1104,524288,3,Scipy,0.0,0.10175633430480957
1105,524288,4,Arnoldi,4.2348014697925635e-14,0.12706341743469238
1106,524288,5,Lanzcos,6.95720305635202e-14,0.1642585039138794
1107,524288,6,Scipy,0.0,0.10175633430480957
1108,524288,7,Arnoldi,4.2348014697925635e-14,0.29072797298431396
1109,524288,8,Lanzcos,6.95720305635202e-14,0.31256253719329835
1110,524288,9,Scipy,0.0,0.10175633430480957
1111,524288,10,Arnoldi,4.2348014697925635e-14,0.5632028341293335
1112,524288,20,Lanzcos,6.95720305635202e-14,1.020274829864502
1113,524288,30,Scipy,0.0,0.10175633430480957
1114,524288,40,Arnoldi,4.2348014697925635e-14,7.87296998500824
1115,524288,50,Lanzcos,6.293065113067534e-14,3.0474626064300536
1116,524288,60,Scipy,0.0,0.10175633430480957
1117,524288,70,Arnoldi,4.2348014697925635e-14,24.75616497993469
1118,524288,80,Lanzcos,6.293065113067534e-14,5.23651168346405
1119,524288,90,Scipy,0.0,0.10175633430480957
1120,524288,100,Arnoldi,4.2348014697925635e-14,51.688513493537904
1121,524288,1,Lanzcos,1.6998269035558006e-09,0.03390679359436035
1122,524288,2,Scipy,0.0,0.10175633430480957
1123,524288,3,Arnoldi,4.2348014697925635e-14,0.08915882110595703
1124,524288,4,Lanzcos,6.95720305635202e-14,0.12378184795379639
1125,524288,5,Scipy,0.0,0.10175633430480957
1126,524288,6,Arnoldi,4.2348014697925635e-14,0.22779924869537355
1127,524288,7,Lanzcos,6.95720305635202e-14,0.2652985334396362
1128,524288,8,Scipy,0.0,0.10175633430480957
1129,524288,9,Arnoldi,4.2348014697925635e-14,0.4571910619735718
1130,524288,10,Lanzcos,6.95720305635202e-14,0.41410648822784424
1131,524288,20,Scipy,0.0,0.10175633430480957
1132,524288,30,Arnoldi,4.2348014697925635e-14,4.331227397918701
1133,524288,40,Lanzcos,6.95720305635202e-14,2.365983080863953
1134,524288,50,Scipy,0.0,0.10175633430480957
1135,524288,60,Arnoldi,4.2348014697925635e-14,18.024091148376463
1136,524288,70,Lanzcos,6.293065113067534e-14,4.50675368309021
1137,524288,80,Scipy,0.0,0.10175633430480957
1138,524288,90,Arnoldi,4.2348014697925635e-14,41.49610595703125
1139,524288,100,Lanzcos,6.95720305635202e-14,6.642748856544495
